<?xml version="1.0" encoding="UTF-8"?>
<project-private xmlns="http://www.netbeans.org/ns/project-private/1">
    <editor-bookmarks xmlns="http://www.netbeans.org/ns/editor-bookmarks/2" lastBookmarkId="0"/>
    <open-files xmlns="http://www.netbeans.org/ns/projectui-open-files/2">
        <group>
            <file>file:/C:/Users/duanw/Downloads/final_project/final%20project/final%20project/src/Alice.java</file>
            <file>file:/C:/Users/duanw/Downloads/final_project/final%20project/final%20project/src/entity/OTReceptMsg.java</file>
            <file>file:/C:/Users/duanw/Downloads/final_project/final%20project/final%20project/src/PSESubprotocol.java</file>
            <file>file:/C:/Users/duanw/Downloads/final_project/final%20project/final%20project/src/PartyBase.java</file>
            <file>file:/C:/Users/duanw/Downloads/final_project/final%20project/final%20project/src/comutil/ComTool.java</file>
            <file>file:/C:/Users/duanw/Downloads/final_project/final%20project/final%20project/src/encrypt/RSA.java</file>
            <file>file:/C:/Users/duanw/Downloads/final_project/final%20project/final%20project/src/Bom.java</file>
            <file>file:/C:/Users/duanw/Downloads/final_project/final%20project/final%20project/src/encrypt/DES.java</file>
            <file>file:/C:/Users/duanw/Downloads/final_project/final%20project/final%20project/src/ObliviousTransfer.java</file>
        </group>
    </open-files>
</project-private>
